Arrival_Date,Room_Category,Fare_Class,forecast_mu,forecast_sigma,ci_lower_95,ci_upper_95
2025-09-25,Standard,Y1_High,17.07302725062827,9.213495748033592,-0.9850925914682058,35.131147092724746
2025-09-26,Standard,Y1_High,17.084315259049735,9.47178197621526,-1.4800362881043014,35.64866680620377
2025-09-27,Standard,Y1_High,17.095603267471198,9.723209537538489,-1.9615372447127442,36.15274377965514
2025-09-28,Standard,Y1_High,17.10689127589266,9.96829742818715,-2.4306126751222763,36.6443952269076
2025-09-29,Standard,Y1_High,17.118179284314124,10.207502315587574,-2.8881576310416257,37.12451619966987
2025-09-30,Standard,Y1_High,17.129467292735587,10.441228540198171,-3.3349646052069524,37.59389919067813
2025-10-01,Standard,Y1_High,17.14075530115705,10.669836143754596,-3.771739266453242,38.05324986876734
2025-10-02,Standard,Y1_High,17.152043309578513,10.893647380032785,-4.199113220575352,38.503199839732375
2025-10-03,Standard,Y1_High,17.163331317999976,11.112952044637746,-4.617654456522118,38.94431709252207
2025-10-04,Standard,Y1_High,17.17461932642144,11.328011875538506,-5.027875971286335,39.37711462412921
2025-10-05,Standard,Y1_High,17.185907334842902,11.539064215016078,-5.4302429471909015,39.80205761687671
2025-10-06,Standard,Y1_High,17.197195343264365,11.746325079112518,-5.825178767898446,40.21956945442717
2025-10-07,Standard,Y1_High,17.208483351685828,11.949991747700533,-6.213070094854423,40.63003679822608
2025-10-08,Standard,Y1_High,17.21977136010729,12.150244963622503,-6.594271177520451,41.03381389773503
2025-10-09,Standard,Y1_High,17.231059368528754,12.34725081068483,-6.96910753417556,41.43122627123307
2025-10-10,Standard,Y1_High,17.242347376950217,12.541162326031838,-7.337879112111011,41.822573866011446
2025-10-11,Standard,Y1_High,17.25363538537168,12.732120891422744,-7.700863014482987,42.20813378522635
2025-10-12,Standard,Y1_High,17.264923393793143,12.92025743937506,-8.058315864310295,42.58816265189658
2025-10-13,Standard,Y1_High,17.276211402214606,13.105693503422463,-8.41047586294189,42.96289866737111
2025-10-14,Standard,Y1_High,17.28749941063607,13.288542136426136,-8.75756458991411,43.33256341118625
2025-10-15,Standard,Y1_High,17.298787419057533,13.468908716651697,-9.09978858283236,43.697363420947426
2025-10-16,Standard,Y1_High,17.310075427478996,13.646891657935122,-9.43734072927078,44.05749158422877
2025-10-17,Standard,Y1_High,17.32136343590046,13.822583037527476,-9.770401497325299,44.41312836912621
2025-10-18,Standard,Y1_High,17.33265144432192,13.996069152989543,-10.099140027107037,44.76444291575088
2025-10-19,Standard,Y1_High,17.343939452743385,14.167431017696488,-10.42371510191363,45.1115940074004
2025-10-20,Standard,Y1_High,17.355227461164848,14.33674480302665,-10.744276014903306,45.454730937233
2025-10-21,Standard,Y1_High,17.36651546958631,14.504082234082748,-11.060963344694215,45.79399428386684
2025-10-22,Standard,Y1_High,17.377803478007774,14.66951094477788,-11.373909651320194,46.129516607335745
2025-10-23,Standard,Y1_High,17.389091486429237,14.833094797272793,-11.683240102316311,46.461423075174785
2025-10-24,Standard,Y1_High,17.4003794948507,14.994894170043493,-11.98907303732101,46.78983202702241
2025-09-25,Standard,Y2_Medium,4.908033138703965,8.114379860240923,-10.995859147977578,20.81192542538551
2025-09-26,Standard,Y2_Medium,4.85952600277769,8.308123831768214,-11.424097490408206,21.143149495963584
2025-09-27,Standard,Y2_Medium,11.690205701146446,8.497451541003711,-4.964493283503579,28.34490468579647
2025-09-28,Standard,Y2_Medium,5.699861022147377,8.682651886343123,-11.317823969377457,22.717546013672212
2025-09-29,Standard,Y2_Medium,2.061954058935714,8.863983577778631,-15.311134517141848,19.43504263501328
2025-09-30,Standard,Y2_Medium,3.938524339713929,9.04167937691006,-13.78284160294703,21.65989028237489
2025-10-01,Standard,Y2_Medium,4.399722411798486,9.215949600695101,-13.66320689313904,22.462651716736012
2025-10-02,Standard,Y2_Medium,4.4700967551648,9.475426454011089,-14.101397837213192,23.04159134754279
2025-10-03,Standard,Y2_Medium,4.422515040519974,9.659303545001052,-14.509372027864915,23.354402108904864
2025-10-04,Standard,Y2_Medium,11.12227254892177,9.839745091391684,-8.163273451786463,30.407818549630004
2025-10-05,Standard,Y2_Medium,5.246735513820155,10.016936754949764,-14.386099765904152,24.879570793544463
2025-10-06,Standard,Y2_Medium,1.6785489914820397,10.191048054138506,-18.29553816403376,21.65263614699784
2025-10-07,Standard,Y2_Medium,3.519148347363782,10.362234263461575,-16.790457613153905,23.828754307881468
2025-10-08,Standard,Y2_Medium,3.971502747996026,10.530638034798928,-16.668168539281048,24.611174035273102
2025-10-09,Standard,Y2_Medium,4.040524010919099,10.775957510999321,-17.07996461452981,25.16101263636801
2025-10-10,Standard,Y2_Medium,3.9938499807812597,10.953828925830813,-17.47526021169837,25.46296017326089
2025-10-11,Standard,Y2_Medium,10.565194575155585,11.12885780275195,-11.24696591242447,32.37735506273564
2025-10-12,Standard,Y2_Medium,4.8022647620170344,11.3011762153936,-17.347633608293023,26.952163132327094
2025-10-13,Standard,Y2_Medium,1.3024624072681692,11.470906315931755,-21.180100847267102,23.78502566180344
2025-10-14,Standard,Y2_Medium,3.1077802628375126,11.63816134818504,-19.70259683122421,25.918157356899233
2025-10-15,Standard,Y2_Medium,3.5514604912596854,11.803046531463533,-19.582085623688005,26.685006606207377
2025-10-16,Standard,Y2_Medium,3.6191546070988756,12.03836580915123,-19.97560881709292,27.213918031290667
2025-10-17,Standard,Y2_Medium,3.5733708646394606,12.212420100635201,-20.362532702295606,27.50927443157453
2025-10-18,Standard,Y2_Medium,10.018763727735934,12.384028345972729,-14.253485819589734,34.2910132750616
2025-10-19,Standard,Y2_Medium,4.366282888269947,12.553290860699168,-20.237715091930074,28.970280868469967
2025-10-20,Standard,Y2_Medium,0.9335540390566561,12.72030128545588,-23.99777835878607,25.864886436899383
2025-10-21,Standard,Y2_Medium,2.7042666052742126,12.885147191717595,-22.55015783191616,27.958691042464586
2025-10-22,Standard,Y2_Medium,3.139438912078572,13.047910618627224,-22.433995979929858,28.712873804087
2025-10-23,Standard,Y2_Medium,3.205831317150264,13.27582652096546,-22.814310535049884,29.22597316935041
2025-10-24,Standard,Y2_Medium,3.1609207989711487,13.447407494203478,-23.195513581286765,29.51735517922906
2025-09-27,Standard,Y3_Low,1.6585154661576607,10.4995151913037,-18.920156168757977,22.237187101073296
2025-09-28,Standard,Y3_Low,1.095449099463302,10.653338367884393,-19.78471042160879,21.975608620535393
2025-09-29,Standard,Y3_Low,0.5280550367580823,10.759155698086762,-20.559502640499502,21.61561271401567
2025-09-30,Standard,Y3_Low,0.6798132561355746,11.139069947200255,-21.152362666772778,22.511989179043926
2025-10-01,Standard,Y3_Low,0.8994327429009314,11.466839154945623,-21.575159022580323,23.374024508382185
2025-10-02,Standard,Y3_Low,0.506125619271331,11.743698447818902,-22.51110038915412,23.52335162769678
2025-10-03,Standard,Y3_Low,2.1813521194836536,12.025501722356651,-21.388198157890848,25.75090239685816
2025-10-04,Standard,Y3_Low,1.5216142295209525,12.430793013937812,-22.84229238278676,25.885520841828665
2025-10-05,Standard,Y3_Low,1.0742747710454286,12.718560992151208,-23.853646714596806,26.00219625668766
2025-10-06,Standard,Y3_Low,0.42711724784821814,12.99649128134326,-25.04553759495107,25.89977209064751
2025-10-07,Standard,Y3_Low,0.5746461188945189,13.283464377726496,-25.460465657479848,26.60975789526889
2025-10-08,Standard,Y3_Low,0.800072588930156,13.562667574803067,-25.782267398211147,27.38241257607146
2025-10-09,Standard,Y3_Low,0.4234442453556437,13.834281840137528,-26.691249919653437,27.538138410364724
2025-10-10,Standard,Y3_Low,2.0154439112822975,14.101204017579162,-25.622408108310168,29.653295930874762
2025-10-11,Standard,Y3_Low,1.3889619427748805,14.46977151882432,-26.971269105299534,29.749192990849295
2025-10-12,Standard,Y3_Low,0.9639903026392476,14.741882595742311,-27.929568656113997,29.85754926139249
2025-10-13,Standard,Y3_Low,0.34858497309110625,15.006311545349666,-29.06324520348393,29.760415149666144
2025-10-14,Standard,Y3_Low,0.48930662370129174,15.278709770836155,-29.456414264405172,30.435027511807757
2025-10-15,Standard,Y3_Low,0.7041653132726061,15.544871332526045,-29.763222649937397,31.171553276482612
2025-10-16,Standard,Y3_Low,0.34625899901840335,15.804894314652854,-30.630764644432446,31.323282642469252
2025-10-17,Standard,Y3_Low,1.861122190821855,16.061170492163964,-29.618193530764238,33.34043791240795
2025-10-18,Standard,Y3_Low,1.2655312652637902,16.406206858383975,-30.890043307628794,33.42110583815637
2025-10-19,Standard,Y3_Low,0.8616381751061356,16.667913367694876,-31.80687173067588,33.530148080888154
2025-10-20,Standard,Y3_Low,0.27658352382555906,16.923153338187156,-32.89218753165379,33.445354579304905
2025-10-21,Standard,Y3_Low,0.4108382989805103,17.185667543059836,-33.27245114360021,34.09412774156122
2025-10-22,Standard,Y3_Low,0.6156202588659732,17.44293796102061,-33.57190993732376,34.80315045505571
2025-10-23,Standard,Y3_Low,0.27552653797863325,17.6950008973883,-34.40603793544511,34.95709101140238
2025-10-24,Standard,Y3_Low,1.717012501397119,17.943933712558263,-33.45245132444441,36.886476327238654
2025-10-25,Standard,Y3_Low,1.150807626740574,18.271451429567893,-34.66057912888926,36.962194382370406
2025-10-26,Standard,Y3_Low,0.7669663417121552,18.52571395744648,-35.54276581129477,37.07669849471908
2025-09-21,Family,Y1_High,1.7482211769064673,2.175421921314638,-2.515527441049727,6.011969794862662
2025-09-22,Family,Y1_High,2.616535438244617,2.2079748169962485,-1.7110156828549958,6.94408655934423
2025-09-23,Family,Y1_High,2.3145357438305645,2.2320010082650916,-2.060105846852702,6.689177334513831
2025-09-24,Family,Y1_High,2.024639133297317,2.267022139945773,-2.4186426141940283,6.467920880788662
2025-09-25,Family,Y1_High,2.4458486465723244,2.2680085275323143,-1.999366385063892,6.891063678208541
2025-09-26,Family,Y1_High,2.1145560981026996,2.28790760960687,-2.369660417734205,6.598772613939604
2025-09-27,Family,Y1_High,2.6179792361103975,2.289839901294745,-1.870024501843257,7.105982974064052
2025-09-28,Family,Y1_High,2.1327996731097616,2.3066476124820796,-2.3881465734413507,6.653745919660874
2025-09-29,Family,Y1_High,2.7092149141333044,2.311172160923344,-1.8205992844110739,7.239029112677683
2025-09-30,Family,Y1_High,2.342399800743364,2.3195984057950474,-2.2039295342783443,6.888729135765072
2025-10-01,Family,Y1_High,2.0636036531913104,2.325567696793917,-2.494425277204167,6.621632583586788
2025-10-02,Family,Y1_High,2.4111417825342825,2.332266921843765,-2.160017387686307,6.982300952754872
2025-10-03,Family,Y1_High,2.118795883475017,2.3386386957205443,-2.4648517340646228,6.702443501014657
2025-10-04,Family,Y1_High,2.56465647117357,2.3449816425000445,-2.0314230936126623,7.160736035959802
2025-10-05,Family,Y1_High,2.1265819739303478,2.355291478229719,-2.4897044975773133,6.742868445438009
2025-10-06,Family,Y1_High,2.649986866996501,2.3621693302151483,-1.979779946696762,7.279753680689764
2025-10-07,Family,Y1_High,2.3161041087942476,2.369024250270141,-2.3270981013268557,6.959306318915351
2025-10-08,Family,Y1_High,2.0579392912148164,2.37591263285878,-2.59876390069492,6.714642483124553
2025-10-09,Family,Y1_High,2.3783186383621615,2.3822922371333095,-2.290888348164205,7.047525624888528
2025-10-10,Family,Y1_High,2.109197439683454,2.389001464869893,-2.573159391573779,6.791554270940687
2025-10-11,Family,Y1_High,2.519173707360453,2.3953785890623545,-2.1756820576418763,7.214029472362783
2025-10-12,Family,Y1_High,2.116592035666393,2.405498749686385,-2.5980988796814515,6.831282951014238
2025-10-13,Family,Y1_High,2.5976144644640797,2.412448262964285,-2.130697246621728,7.3259261755498875
2025-10-14,Family,Y1_High,2.290874640936599,2.419386917830148,-2.451036583790646,7.032785865663843
2025-10-15,Family,Y1_High,2.053701351384684,2.4263589762406124,-2.7018748567283866,6.809277559497755
2025-10-16,Family,Y1_High,2.3481527471233514,2.432854343118176,-2.4201541461391054,7.116459640385808
2025-10-17,Family,Y1_High,2.100912334652188,2.439658771890429,-2.680730993942383,6.882555663246759
2025-10-18,Family,Y1_High,2.4776871686895205,2.4461503320247595,-2.3166793839748,7.272053721353841
2025-10-19,Family,Y1_High,2.107819454032839,2.4560408487716945,-2.7059321552485134,6.921571063314191
2025-10-20,Family,Y1_High,2.549872127544465,2.4630548518135793,-2.2776266750896625,7.377370930178593
2025-09-16,Family,Y2_Medium,2.3161983322311146,2.6043600600764427,-2.7882535894911493,7.4206502539533785
2025-09-17,Family,Y2_Medium,2.5441916110785927,2.6327714440080343,-2.6159455999135988,7.704328822070784
2025-09-18,Family,Y2_Medium,2.4151362184660212,2.6389570787440215,-2.7571246138330694,7.587397050765112
2025-09-19,Family,Y2_Medium,2.372346979902707,2.643900848782483,-2.8096034636218903,7.554297423427304
2025-09-20,Family,Y2_Medium,2.806695356320297,2.648728938759108,-2.384717969674825,7.9981086823154195
2025-09-21,Family,Y2_Medium,2.363757476043741,2.653538476506127,-2.8370823707200366,7.5645973228075185
2025-09-22,Family,Y2_Medium,2.494908982914059,2.6583384116302775,-2.71533856382339,7.705156529651508
2025-09-23,Family,Y2_Medium,2.511077168296438,2.678265380194702,-2.7382265191575104,7.760380855750386
2025-09-24,Family,Y2_Medium,2.5445571596568737,2.68460074839762,-2.717163621306508,7.806277940620255
2025-09-25,Family,Y2_Medium,2.525329019692988,2.6900549594097347,-2.747081818420729,7.797739857806705
2025-09-26,Family,Y2_Medium,2.5197946087211482,2.695421400261251,-2.7631342601891724,7.802723477631469
2025-09-27,Family,Y2_Medium,2.5885565473474808,2.7007701237909956,-2.7048556270468618,7.881968721741823
2025-09-28,Family,Y2_Medium,2.5207613416942185,2.706107624596974,-2.78311214204975,7.824634825438187
2025-09-29,Family,Y2_Medium,2.54232977742615,2.711434558411245,-2.7719843047442683,7.856643859596568
2025-09-30,Family,Y2_Medium,2.545999793049307,2.718493914068541,-2.782150371966718,7.874149958065331
2025-10-01,Family,Y2_Medium,2.5523645866157842,2.7240386190342645,-2.7866530004405092,7.891382173672078
2025-10-02,Family,Y2_Medium,2.550524770424226,2.7294429422074145,-2.7990850954147426,7.900134636263195
2025-10-03,Family,Y2_Medium,2.550816536263194,2.734824746286219,-2.809341471744558,7.910974544270946
2025-10-04,Family,Y2_Medium,2.562673359560828,2.740194888381787,-2.808009933548569,7.933356652670225
2025-10-05,Family,Y2_Medium,2.5532735366258703,2.7455544260392517,-2.8279142572684086,7.934461330520149
2025-10-06,Family,Y2_Medium,2.5577841635689897,2.750903512521273,-2.8338876471827015,7.949455974320681
2025-10-07,Family,Y2_Medium,2.5595087013156497,2.7564960241643144,-2.8431242308420956,7.962141633473395
2025-10-08,Family,Y2_Medium,2.561652711377135,2.761861064217558,-2.8514955060630505,7.97480092881732
2025-10-09,Family,Y2_Medium,2.56251958220124,2.7671959683558867,-2.8610848552134973,7.9861240196159775
2025-10-10,Family,Y2_Medium,2.563718257599745,2.7725187875344504,-2.8703187137036448,7.997755228903134
2025-10-11,Family,Y2_Medium,2.56671716349045,2.7778312393474205,-2.8777320220384084,8.011166349019309
2025-10-12,Family,Y2_Medium,2.5664072347431435,2.7831335352607733,-2.888434259813699,8.021248729299986
2025-10-13,Family,Y2_Medium,2.5682626230398933,2.7884257472478757,-2.896951416412656,8.033476662492443
2025-10-14,Family,Y2_Medium,2.5696843254043955,2.7937465865491466,-2.9059583674486174,8.045327018257408
2025-10-15,Family,Y2_Medium,2.571171323324452,2.7990244371930855,-2.914815766708889,8.057158413357794
2025-09-02,Family,Y3_Low,0.5060826626291552,2.4430222028030175,-4.282152869420125,5.294318194678436
2025-09-03,Family,Y3_Low,0.5449315268632098,2.459604248195348,-4.275804216952673,5.365667270679093
2025-09-04,Family,Y3_Low,0.8494068910299712,2.46673324951538,-3.985301438622192,5.684115220682134
2025-09-05,Family,Y3_Low,0.739883132967956,2.486538855691909,-4.133643471491297,5.61340973742721
2025-09-06,Family,Y3_Low,0.7358797513528373,2.5021701988088605,-4.168283722652819,5.640043225358494
2025-09-07,Family,Y3_Low,1.0308055298585825,2.513784710363804,-3.8961219684981288,5.957733028215294
2025-09-08,Family,Y3_Low,0.8947369327636407,2.5232554551842905,-4.050752884352351,5.840226749879632
2025-09-09,Family,Y3_Low,0.8377944660033322,2.5555560791177285,-4.171003410715226,5.846592342721891
2025-09-10,Family,Y3_Low,0.901515791595645,2.5635474714230444,-4.122944926231338,5.925976509422628
2025-09-11,Family,Y3_Low,1.116081472575051,2.569608055560861,-3.9202577718901153,6.152420717040217
2025-09-12,Family,Y3_Low,1.0040731820085562,2.5753092910332827,-4.043440278652561,6.051586642669674
2025-09-13,Family,Y3_Low,0.9890278050883309,2.579917884782339,-4.0675183333424325,6.045573943519095
2025-09-14,Family,Y3_Low,1.2313649797973056,2.5836100439691125,-3.8324176576664213,6.295147617261033
2025-09-15,Family,Y3_Low,1.102195314925033,2.5866102025115048,-3.967467525231073,6.171858155081138
2025-09-16,Family,Y3_Low,1.04273256553264,2.6029995204862173,-4.059052747592615,6.144517878657895
2025-09-17,Family,Y3_Low,1.088590137897726,2.6058659981584174,-4.018813368228848,6.1959936440243
2025-09-18,Family,Y3_Low,1.2657428132881634,2.6079823016835673,-3.845808571529033,6.37729419810536
2025-09-19,Family,Y3_Low,1.1614064306202116,2.6101067009296064,-3.9543087002089825,6.277121561449406
2025-09-20,Family,Y3_Low,1.1416310880280314,2.61182368356612,-3.9774492669315995,6.260711442987662
2025-09-21,Family,Y3_Low,1.3450191889093333,2.6131935067258665,-3.7767459701092196,6.466784347927886
2025-09-22,Family,Y3_Low,1.2278555837291578,2.6143080180365073,-3.896093977319127,6.351805144777442
2025-09-23,Family,Y3_Low,1.1714926551245206,2.623875136907998,-3.971208114352099,6.31419342460114
2025-09-24,Family,Y3_Low,1.206663384127899,2.625099423033946,-3.938436942062914,6.351763710318712
2025-09-25,Family,Y3_Low,1.3557738068307337,2.625976044707837,-3.791044666269376,6.502592279930844
2025-09-26,Family,Y3_Low,1.26194528777554,2.626917375082136,-3.8867181589561826,6.410608734507263
2025-09-27,Family,Y3_Low,1.2415742787458044,2.627677410372596,-3.90857880978255,6.391727367274158
2025-09-28,Family,Y3_Low,1.4144417201420525,2.6282807525569383,-3.736893897338243,6.5657773376223485
2025-09-29,Family,Y3_Low,1.3104960091827775,2.628772004063624,-3.8418024435581994,6.462794461923755
2025-09-30,Family,Y3_Low,1.2593722575824724,2.634917046612726,-3.904970257241036,6.423714772405981
2025-10-01,Family,Y3_Low,1.2876120620899971,2.635532935426872,-3.877937572628002,6.453161696807997
2025-09-21,Superior,Y1_High,2.104989030161085,1.5256010286838704,-0.8851340415382531,5.095112101860423
2025-09-22,Superior,Y1_High,2.352596692739463,1.5629340205116191,-0.7106976983945619,5.415891083873488
2025-09-23,Superior,Y1_High,2.526107374704639,1.5820189442475097,-0.5745927796082029,5.626807529017481
2025-09-24,Superior,Y1_High,2.6376193708722617,1.600535563017207,-0.49937268935316137,5.774611431097685
2025-09-25,Superior,Y1_High,2.683046089372738,1.6090743485811856,-0.4706816830337215,5.836773861779198
2025-09-26,Superior,Y1_High,2.7091693425648464,1.6157853820982955,-0.45771181383727644,5.876050498966969
2025-09-27,Superior,Y1_High,2.72411060358256,1.6217450599051417,-0.45445130668318523,5.902672513848305
2025-09-28,Superior,Y1_High,2.732019076955233,1.6270882595434595,-0.4570153121662801,5.921053466076746
2025-09-29,Superior,Y1_High,2.7368931228068396,1.6321897768086566,-0.462140056423316,5.935926302036995
2025-09-30,Superior,Y1_High,2.7401434478671733,1.6371644047344194,-0.46863982293625206,5.948926718670599
2025-10-01,Superior,Y1_High,2.7425101075506415,1.6420587881775084,-0.4758659785300181,5.960886193631302
2025-10-02,Superior,Y1_High,2.7444449053742925,1.6469080602355266,-0.48343557929354963,5.972325390042135
2025-10-03,Superior,Y1_High,2.7461543631086704,1.651727453516451,-0.49117195881933506,5.983480685036676
2025-10-04,Superior,Y1_High,2.7477459836011953,1.6565244749318344,-0.4989823275362353,5.994474294738626
2025-10-05,Superior,Y1_High,2.749277816715344,1.6613034679095866,-0.5068171485430488,6.005372781973737
2025-10-06,Superior,Y1_High,2.750778715095644,1.666066605728738,-0.5146518287438773,6.016209258935165
2025-10-07,Superior,Y1_High,2.752263610807191,1.670815049766748,-0.5224737123316174,6.027000933946
2025-10-08,Superior,Y1_High,2.7537402975629064,1.675549468456516,-0.5302763156977588,6.037756910823571
2025-10-09,Superior,Y1_High,2.7552127487636375,1.680270254999892,-0.538056436102917,6.0484819336301925
2025-10-10,Superior,Y1_High,2.7566830152269346,1.6849776647900736,-0.545812523291012,6.059178553744881
2025-10-11,Superior,Y1_High,2.758152157400169,1.68967188261543,-0.5535438789932212,6.069848193793559
2025-10-12,Superior,Y1_High,2.759620720005917,1.6943530554374402,-0.561250246526174,6.080491686538008
2025-10-13,Superior,Y1_High,2.761088983894412,1.6990213102495257,-0.5689315939421697,6.091109561730994
2025-10-14,Superior,Y1_High,2.7625570939182778,1.7036767631155787,-0.5765880038696332,6.101702191706188
2025-10-15,Superior,Y1_High,2.7640251246487693,1.70831952376412,-0.5842196168012572,6.112269866098796
2025-10-16,Superior,Y1_High,2.765493114518523,1.712949698001067,-0.5918266016801947,6.1228128307172405
2025-10-17,Superior,Y1_High,2.7669610833359775,1.7175673889555525,-0.5994091408273916,6.133331307499347
2025-10-18,Superior,Y1_High,2.7684290413052444,1.7221726977301632,-0.6069674221961665,6.143825504806655
2025-10-19,Superior,Y1_High,2.7698969936846107,1.7267657237486542,-0.6145016353952104,6.154295622764431
2025-10-20,Superior,Y1_High,2.771364943183727,1.7313465649461033,-0.6220119696640993,6.164741856031553
2025-09-12,Superior,Y2_Medium,1.238958708179651,1.4468608707687938,-1.596836489832924,4.0747539061922255
2025-09-13,Superior,Y2_Medium,1.626916230174434,1.4534778590670328,-1.2218480265918557,4.475680486940724
2025-09-14,Superior,Y2_Medium,1.3371983701484675,1.460064859598483,-1.5244761704286407,4.198872910725576
2025-09-15,Superior,Y2_Medium,1.2411020478427153,1.4666222764129113,-1.6334247935253061,4.115628889210736
2025-09-16,Superior,Y2_Medium,1.4354380321172842,1.4731505045672841,-1.4518839013191707,4.322759965553739
2025-09-17,Superior,Y2_Medium,1.242530940951425,1.479649930403505,-1.657529633047201,4.142591514950051
2025-09-18,Superior,Y2_Medium,1.5336776940861008,1.486120931815224,-1.3790658096263788,4.44642119779858
2025-09-19,Superior,Y2_Medium,1.3639043791849315,1.5120106620808196,-1.59958206342948,4.327390821799343
2025-09-20,Superior,Y2_Medium,1.4021772917286632,1.5196261079316882,-1.5762351504831684,4.380589733940495
2025-09-21,Superior,Y2_Medium,1.3748439295013994,1.527203579608542,-1.6184200842944232,4.368107943297222
2025-09-22,Superior,Y2_Medium,1.3662552172087057,1.5347436395798086,-1.6417870425755396,4.374297476992951
2025-09-23,Superior,Y2_Medium,1.3857834798178672,1.5422468365641768,-1.6369647758281003,4.408531735463835
2025-09-24,Superior,Y2_Medium,1.3678224425578884,1.549713705996609,-1.6695606082563432,4.4052054933721205
2025-09-25,Superior,Y2_Medium,1.396723030134335,1.557144770474241,-1.6552246394262686,4.448670699694938
2025-09-26,Superior,Y2_Medium,1.3810015915411786,1.5659156654714996,-1.6881367163302685,4.450139899412626
2025-09-27,Superior,Y2_Medium,1.3854212681854077,1.573396131758075,-1.698378484198734,4.469221020569549
2025-09-28,Superior,Y2_Medium,1.3834895509270093,1.5808412012259476,-1.7149022694799858,4.481881371334005
2025-09-29,Superior,Y2_Medium,1.3833725176407903,1.5882513716523972,-1.7295429699247578,4.496288005206338
2025-09-30,Superior,Y2_Medium,1.3859775103128402,1.595627129256063,-1.741394196517983,4.513349217143664
2025-10-01,Superior,Y2_Medium,1.3849531350405315,1.6029689490692478,-1.7568082742084932,4.526714544289556
2025-10-02,Superior,Y2_Medium,1.3884654696986711,1.6102772952949413,-1.7676200349426239,4.544550974339966
2025-10-03,Superior,Y2_Medium,1.3876579116952354,1.6176775210716694,-1.7829317689493152,4.558247592339786
2025-10-04,Superior,Y2_Medium,1.388800230543631,1.6249315734981813,-1.7960071316021846,4.573607592689447
2025-10-05,Superior,Y2_Medium,1.38932766606498,1.6321533858439805,-1.8096341881850304,4.588289520314991
2025-10-06,Superior,Y2_Medium,1.3900307825369138,1.6393433841915683,-1.823023209526578,4.603084774600406
2025-10-07,Superior,Y2_Medium,1.3909974204347249,1.646501985320199,-1.8360871720238636,4.618082012893313
2025-10-08,Superior,Y2_Medium,1.3916126964313662,1.6536295969878052,-1.8494417581947964,4.632667151057529
2025-10-09,Superior,Y2_Medium,1.3926671748044694,1.660726618202028,-1.8622971858023507,4.647631535411289
2025-10-10,Superior,Y2_Medium,1.3933034410476126,1.6678051316534095,-1.8755345509912535,4.662141433086479
2025-10-11,Superior,Y2_Medium,1.394128476367964,1.674843200521979,-1.8885038771772487,4.676760829913176
2025-09-08,Superior,Y3_Low,0.5441168589307296,1.5383330053550888,-2.4709604285020563,3.5591941463635153
2025-09-09,Superior,Y3_Low,0.5563450180550951,1.5429474505024052,-2.4677764156771893,3.5804664517873794
2025-09-10,Superior,Y3_Low,0.5681414622670992,1.5472294582367951,-2.464372552408081,3.600655476942279
2025-09-11,Superior,Y3_Low,0.5795214332530546,1.5512038320573356,-2.4607822109733117,3.6198250774794207
2025-09-12,Superior,Y3_Low,0.590499634591845,1.5548934032081108,-2.457035436210136,3.6380347053938253
2025-09-13,Superior,Y3_Low,0.6010902507527963,1.5583192049786982,-2.453159268139285,3.6553397696448777
2025-09-14,Superior,Y3_Low,0.61130696542283,1.5615006290933346,-2.449178030154949,3.671791961000609
2025-09-15,Superior,Y3_Low,0.6211629791865757,1.5644555663838045,-2.4451135870584575,3.687439545431609
2025-09-16,Superior,Y3_Low,0.6306710265822874,1.5672005336227637,-2.440985576591111,3.7023276297556857
2025-09-17,Superior,Y3_Low,0.6398433925556017,1.5697507881290569,-2.4368116176027153,3.7164984027139187
2025-09-18,Superior,Y3_Low,0.6486919283323966,1.5721204315346073,-2.432607497558092,3.7299913542228853
2025-09-19,Superior,Y3_Low,0.657228066731258,1.5743225039157995,-2.4283873417187305,3.742843475181246
2025-09-20,Superior,Y3_Low,0.6654628369353414,1.5763690693346017,-2.424163766028446,3.7550894398991286
2025-09-21,Superior,Y3_Low,0.6734068787427123,1.5782712937009313,-2.4199480154704704,3.766761772955895
2025-09-22,Superior,Y3_Low,0.6810704563135793,1.5800395157538492,-2.415750089440805,3.777891002067964
2025-09-23,Superior,Y3_Low,0.6884634714321808,1.5816833118617786,-2.4115788554924285,3.7885057983567902
2025-09-24,Superior,Y3_Low,0.6955954763004615,1.5832115552583574,-2.4074421526417566,3.798633105242679
2025-09-25,Superior,Y3_Low,0.7024756858800683,1.584632470258534,-2.403346885288242,3.808298257048378
2025-09-26,Superior,Y3_Low,0.709112989798612,1.585953681937301,-2.399299108676643,3.817525088273867
2025-09-27,Superior,Y3_Low,0.7155159638355795,1.587182261699503,-2.3953041067262912,3.8263360343974506
2025-09-28,Superior,Y3_Low,0.7216928810027345,1.5883247691222102,-2.391366462960238,3.8347522249657064
2025-09-29,Superior,Y3_Low,0.7276517222333272,1.589387290410198,-2.3874901251873966,3.842793569654051
2025-09-30,Superior,Y3_Low,0.7334001866939189,1.5903754737692184,-2.383678464521061,3.850478837908899
2025-10-01,Superior,Y3_Low,0.7389457017321507,1.5912945619702819,-2.3799343292559523,3.857825732720254
2025-10-02,Superior,Y3_Low,0.7442954324733039,1.592149422350475,-2.376260094072181,3.864850959018789
2025-10-03,Superior,Y3_Low,0.7494562910780558,1.59294457447139,-2.372657704987019,3.8715702871431303
2025-10-04,Superior,Y3_Low,0.7544349456733898,1.593684215634627,-2.369128720433453,3.877998611780232
2025-10-05,Superior,Y3_Low,0.7592378289681999,1.594372244434636,-2.365674348807303,3.884150006743703
2025-10-06,Superior,Y3_Low,0.763871146564722,1.5950122825121131,-2.362295482791665,3.890037775921109
2025-10-07,Superior,Y3_Low,0.7683408849765294,1.5956076946559739,-2.3589927307380565,3.895674500691115
